Crimen;Crimen;
Crimen;Crimen;Drama;Thriller;Thriller;Horror;Drama;Crimen;CienciaFiccion;Historico;Accion;Drama;CienciaFiccion;Thriller;CienciaFiccion;Misterio;Crimen;Drama;Horror;CienciaFiccion;CienciaFiccion;Horror;Accion
Crimen;Crimen;
Crimen;CienciaFiccion;Epico;Epico;Epico;Horror;
Crimen;Crimen;Aventuras;Romance;Epico;Horror;CienciaFiccion;Epico;Crimen;Accion;CienciaFiccion;Thriller;CienciaFiccion;Epico;CienciaFiccion;
Crimen;Western;Drama;Drama;CienciaFiccion;Horror;
Crimen;Thriller;CienciaFiccion;Epico;Drama;Epico;Thriller;Drama;Epico;Misterio;
Crimen;Crimen;Epico;
Drama;
Drama;Accion;
Drama;Drama;Thriller;Aventuras;Horror;Epico;Crimen;Thriller;Historico;Crimen;Musical;Epico;Musical;Drama;Misterio;CienciaFiccion;
Drama;Thriller;CienciaFiccion;Drama;Drama;
Drama;Western;Crimen;Drama;Drama;Thriller;Thriller;Aventuras;Drama;Drama;Drama;Drama;Thriller;Accion;Crimen;CienciaFiccion;Drama;CienciaFiccion;Horror;Comedia;CienciaFiccion;CienciaFiccion;Horror;
Drama;Historico;Epico;
Drama;Drama;Horror;Drama;Historico;Horror;CienciaFiccion;CienciaFiccion;
Drama;Aventuras;CienciaFiccion;CienciaFiccion;Historico;Drama;CienciaFiccion;
Western;Aventuras;Epico;Thriller;Historico;CienciaFiccion;Musical;Drama;Drama;Drama;Musical;Horror;Accion;
Western;Crimen;CienciaFiccion;
Western;CienciaFiccion;Epico;CienciaFiccion;Drama;Epico;Accion;Drama;CienciaFiccion;Drama;Epico;Misterio;Comedia;Misterio;CienciaFiccion;CienciaFiccion;Horror;
Western;Thriller;
Western;Drama;Crimen;Accion;Thriller;
Western;Drama;Romance;Epico;Horror;CienciaFiccion;Accion;Epico;Drama;Accion;Accion;Crimen;CienciaFiccion;Thriller;CienciaFiccion;Epico;Crimen;Misterio;CienciaFiccion;
Western;Drama;CienciaFiccion;CienciaFiccion;CienciaFiccion;CienciaFiccion;
Western;Drama;Thriller;CienciaFiccion;Aventuras;Romance;Epico;Horror;CienciaFiccion;Drama;Accion;Epico;Historico;Accion;CienciaFiccion;Drama;Drama;CienciaFiccion;Epico;Drama;Drama;Horror;CienciaFiccion;Horror;
Western;Romance;Romance;Crimen;Horror;Crimen;Thriller;Accion;Crimen;Drama;Comedia;Misterio;CienciaFiccion;
Western;Crimen;Drama;Drama;Thriller;Thriller;Aventuras;Drama;Drama;Drama;Drama;Thriller;Accion;Crimen;CienciaFiccion;Drama;CienciaFiccion;Horror;Comedia;CienciaFiccion;CienciaFiccion;Horror;
Western;Drama;Drama;CienciaFiccion;Horror;
Western;CienciaFiccion;Accion;
Western;Thriller;Epico;Horror;CienciaFiccion;Accion;Drama;Musical;Horror;Accion;
Western;CienciaFiccion;Epico;
Crimen;Aventuras;Crimen;CienciaFiccion;Crimen;Drama;Horror;
Crimen;Horror;
Crimen;
Crimen;Drama;Accion;
Crimen;Drama;Thriller;Thriller;Horror;Drama;Crimen;CienciaFiccion;Historico;Accion;Drama;CienciaFiccion;Thriller;CienciaFiccion;Misterio;Crimen;Drama;Horror;CienciaFiccion;CienciaFiccion;Horror;Accion;
Crimen;Aventuras;CienciaFiccion;Drama;
Crimen;CienciaFiccion;Thriller;Romance;Crimen;Drama;Thriller;Accion;Drama;Drama;Misterio;Horror;CienciaFiccion;Accion;
Crimen;Drama;Drama;Thriller;Thriller;Aventuras;Drama;Drama;Drama;Drama;Thriller;Accion;Crimen;CienciaFiccion;Drama;CienciaFiccion;Horror;Comedia;CienciaFiccion;CienciaFiccion;Horror;
Crimen;
Crimen;Drama;Accion;Drama;Drama;Horror;
Crimen;Aventuras;Romance;Epico;Horror;CienciaFiccion;Epico;Crimen;Accion;CienciaFiccion;Thriller;CienciaFiccion;Epico;CienciaFiccion;
Crimen;Thriller;Romance;
Crimen;Epico;
Crimen;Drama;Thriller;Romance;Crimen;Horror;Drama;Crimen;Drama;Accion;Drama;Crimen;Thriller;Drama;CienciaFiccion;Misterio;Accion;
Drama;Drama;Thriller;Thriller;Aventuras;Drama;Drama;Drama;Drama;Thriller;Accion;Crimen;CienciaFiccion;Drama;CienciaFiccion;Horror;Comedia;CienciaFiccion;CienciaFiccion;Horror;
Drama;Aventuras;CienciaFiccion;Drama;Crimen;CienciaFiccion;Accion;Accion;Drama;CienciaFiccion;Thriller;Drama;CienciaFiccion;Crimen;CienciaFiccion;CienciaFiccion;Horror;
Drama;Thriller;Aventuras;Horror;Epico;Crimen;Thriller;Historico;Crimen;Musical;Epico;Musical;Drama;Misterio;CienciaFiccion;
Drama;Crimen;Accion;Thriller;
Drama;Romance;Epico;Horror;CienciaFiccion;Accion;Epico;Drama;Accion;Accion;Crimen;CienciaFiccion;Thriller;CienciaFiccion;Epico;Crimen;Misterio;CienciaFiccion;
Drama;CienciaFiccion;CienciaFiccion;CienciaFiccion;CienciaFiccion;
Drama;Thriller;CienciaFiccion;Aventuras;Romance;Epico;Horror;CienciaFiccion;Drama;Accion;Epico;Historico;Accion;CienciaFiccion;Drama;Drama;CienciaFiccion;Epico;Drama;Drama;Horror;CienciaFiccion;Horror;
Drama;Thriller;Drama;Epico;Historico;CienciaFiccion;Epico;Horror;CienciaFiccion;
Drama;Thriller;Thriller;Horror;Drama;Crimen;CienciaFiccion;Historico;Accion;Drama;CienciaFiccion;Thriller;CienciaFiccion;Misterio;Crimen;Drama;Horror;CienciaFiccion;CienciaFiccion;Horror;Accion;
Drama;Thriller;Thriller;Aventuras;Drama;Drama;Drama;Drama;Thriller;Accion;Crimen;CienciaFiccion;Drama;CienciaFiccion;Horror;Comedia;CienciaFiccion;CienciaFiccion;Horror;
Drama;Horror;Drama;Historico;Horror;CienciaFiccion;CienciaFiccion;
Drama;Thriller;Romance;Crimen;Horror;Drama;Crimen;Drama;Accion;Drama;Crimen;Thriller;Drama;CienciaFiccion;Misterio;Accion;
Thriller;Aventuras;Accion;Crimen;Drama;CienciaFiccion;Horror;CienciaFiccion;
Thriller;CienciaFiccion;Aventuras;Romance;Epico;Horror;CienciaFiccion;Drama;Accion;Epico;Historico;Accion;CienciaFiccion;Drama;Drama;CienciaFiccion;Epico;Drama;Drama;Horror;CienciaFiccion;Horror;
Thriller;Thriller;Horror;Drama;Crimen;CienciaFiccion;Historico;Accion;Drama;CienciaFiccion;Thriller;CienciaFiccion;Misterio;Crimen;Drama;Horror;CienciaFiccion;CienciaFiccion;Horror;Accion;
Thriller;CienciaFiccion;Drama;Drama;
Thriller;Thriller;Aventuras;Drama;Drama;Drama;Drama;Thriller;Accion;Crimen;CienciaFiccion;Drama;CienciaFiccion;Horror;Comedia;CienciaFiccion;CienciaFiccion;Horror;
Thriller;CienciaFiccion;Epico;Drama;Epico;Thriller;Drama;Epico;Misterio;
CienciaFiccion;Romance;Epico;Epico;Drama;Accion;Historico;Accion;Drama;CienciaFiccion;Thriller;CienciaFiccion;Epico;Misterio;Crimen;Comedia;CienciaFiccion;CienciaFiccion;Horror;
CienciaFiccion;Epico;CienciaFiccion;Historico;Musical;
CienciaFiccion;Epico;CienciaFiccion;Drama;Epico;Accion;Drama;CienciaFiccion;Drama;Epico;Misterio;Comedia;Misterio;CienciaFiccion;CienciaFiccion;Horror;
CienciaFiccion;
CienciaFiccion;Aventuras;Romance;Epico;Horror;CienciaFiccion;Drama;Accion;Epico;Historico;Accion;CienciaFiccion;Drama;Drama;CienciaFiccion;Epico;Drama;Drama;Horror;CienciaFiccion;Horror;
CienciaFiccion;Romance;Romance;CienciaFiccion;Accion;CienciaFiccion;Drama;Horror;
CienciaFiccion;Thriller;Romance;Crimen;Drama;Thriller;Accion;Drama;Drama;Misterio;Horror;CienciaFiccion;Accion;
CienciaFiccion;Epico;Drama;CienciaFiccion;CienciaFiccion;Epico;
CienciaFiccion;Drama;Drama;
CienciaFiccion;Epico;Epico;Epico;Horror;
CienciaFiccion;CienciaFiccion;
CienciaFiccion;Aventuras;Romance;Epico;CienciaFiccion;Drama;Epico;Historico;Epico;CienciaFiccion;Accion;
CienciaFiccion;Drama;Drama;
CienciaFiccion;Epico;Drama;Epico;Thriller;Drama;Epico;Misterio;
CienciaFiccion;Epico;
Thriller;Aventuras;Horror;Epico;Crimen;Thriller;Historico;Crimen;Musical;Epico;Musical;Drama;Misterio;CienciaFiccion;
Thriller;Romance;Horror;
Thriller;Drama;Epico;Historico;CienciaFiccion;Epico;Horror;CienciaFiccion;
Thriller;Horror;Drama;Crimen;CienciaFiccion;Historico;Accion;Drama;CienciaFiccion;Thriller;CienciaFiccion;Misterio;Crimen;Drama;Horror;CienciaFiccion;CienciaFiccion;Horror;Accion;
Thriller;Romance;Crimen;Drama;Thriller;Accion;Drama;Drama;Misterio;Horror;CienciaFiccion;Accion;
Thriller;Aventuras;Epico;CienciaFiccion;Epico;Accion;CienciaFiccion;CienciaFiccion;Epico;
Thriller;Aventuras;Drama;Drama;Drama;Drama;Thriller;Accion;Crimen;CienciaFiccion;Drama;CienciaFiccion;Horror;Comedia;CienciaFiccion;CienciaFiccion;Horror;
Thriller;Drama;
Thriller;Romance;
Thriller;Epico;Horror;CienciaFiccion;Accion;Drama;Musical;Horror;Accion;
Thriller;Romance;Crimen;Horror;Drama;Crimen;Drama;Accion;Drama;Crimen;Thriller;Drama;CienciaFiccion;Misterio;Accion;
Aventuras;Crimen;CienciaFiccion;Crimen;Drama;Horror;
Aventuras;Epico;Thriller;Historico;CienciaFiccion;Musical;Drama;Drama;Drama;Musical;Horror;Accion;
Aventuras;
Aventuras;Horror;Epico;Crimen;Thriller;Historico;Crimen;Musical;Epico;Musical;Drama;Misterio;CienciaFiccion;
Aventuras;Accion;Crimen;Drama;CienciaFiccion;Horror;CienciaFiccion;
Aventuras;Romance;Epico;Horror;CienciaFiccion;Drama;Accion;Epico;Historico;Accion;CienciaFiccion;Drama;Drama;CienciaFiccion;Epico;Drama;Drama;Horror;CienciaFiccion;Horror;
Aventuras;CienciaFiccion;Drama;
Aventuras;Romance;Drama;CienciaFiccion;Drama;
Aventuras;Epico;CienciaFiccion;Epico;Accion;CienciaFiccion;CienciaFiccion;Epico;
Aventuras;Drama;Musical;CienciaFiccion;
Aventuras;Accion;Accion;Drama;
Aventuras;Drama;Drama;Drama;Drama;Thriller;Accion;Crimen;CienciaFiccion;Drama;CienciaFiccion;Horror;Comedia;CienciaFiccion;CienciaFiccion;Horror;
Aventuras;Horror;Drama;Drama;Thriller;Historico;Accion;Thriller;Drama;Drama;Horror;CienciaFiccion;Horror;
Aventuras;Romance;Accion;CienciaFiccion;CienciaFiccion;Horror;
Aventuras;Romance;Epico;Horror;CienciaFiccion;Epico;Crimen;Accion;CienciaFiccion;Thriller;CienciaFiccion;Epico;CienciaFiccion;
Aventuras;Epico;CienciaFiccion;Drama;Drama;Historico;Accion;Historico;Drama;
Aventuras;Romance;Epico;CienciaFiccion;Drama;Epico;Historico;Epico;CienciaFiccion;Accion;
Aventuras;CienciaFiccion;Drama;Crimen;CienciaFiccion;Accion;Accion;Drama;CienciaFiccion;Thriller;Drama;CienciaFiccion;Crimen;CienciaFiccion;CienciaFiccion;Horror;
Aventuras;CienciaFiccion;CienciaFiccion;Historico;Drama;CienciaFiccion;
Romance;Epico;Epico;Drama;Accion;Historico;Accion;Drama;CienciaFiccion;Thriller;CienciaFiccion;Epico;Misterio;Crimen;Comedia;CienciaFiccion;CienciaFiccion;Horror;
Romance;Epico;Horror;CienciaFiccion;Accion;Epico;Drama;Accion;Accion;Crimen;CienciaFiccion;Thriller;CienciaFiccion;Epico;Crimen;Misterio;CienciaFiccion;
Romance;Horror;
Romance;Epico;Horror;CienciaFiccion;Drama;Accion;Epico;Historico;Accion;CienciaFiccion;Drama;Drama;CienciaFiccion;Epico;Drama;Drama;Horror;CienciaFiccion;Horror;
Romance;Romance;CienciaFiccion;Accion;CienciaFiccion;Drama;Horror;
Romance;Romance;Crimen;Horror;Crimen;Thriller;Accion;Crimen;Drama;Comedia;Misterio;CienciaFiccion;
Romance;Drama;CienciaFiccion;Drama;
Romance;Crimen;Drama;Thriller;Accion;Drama;Drama;Misterio;Horror;CienciaFiccion;Accion;
Romance;
Romance;Accion;CienciaFiccion;CienciaFiccion;Horror;
Romance;Epico;Horror;CienciaFiccion;Epico;Crimen;Accion;CienciaFiccion;Thriller;CienciaFiccion;Epico;CienciaFiccion;
Romance;
Romance;Epico;CienciaFiccion;Drama;Epico;Historico;Epico;CienciaFiccion;Accion;
Romance;Crimen;Horror;Drama;Crimen;Drama;Accion;Drama;Crimen;Thriller;Drama;CienciaFiccion;Misterio;Accion;
Romance;
Romance;CienciaFiccion;Accion;CienciaFiccion;Drama;Horror;
Romance;Crimen;Horror;Crimen;Thriller;Accion;Crimen;Drama;Comedia;Misterio;CienciaFiccion;
Romance;Accion;CienciaFiccion;Accion;
Romance;Accion;CienciaFiccion;Accion;
Drama;Drama;Drama;Drama;Thriller;Accion;Crimen;CienciaFiccion;Drama;CienciaFiccion;Horror;Comedia;CienciaFiccion;CienciaFiccion;Horror;
Drama;Accion;Drama;Drama;Horror;
Drama;CienciaFiccion;Horror;
Drama;Crimen;CienciaFiccion;Epico;
Drama;Epico;CienciaFiccion;Drama;Epico;Accion;Drama;CienciaFiccion;Drama;Epico;Drama;
Crimen;CienciaFiccion;Crimen;Drama;Horror;
Crimen;Accion;Thriller;
Crimen;Horror;Crimen;Thriller;Accion;Crimen;Drama;Comedia;Misterio;CienciaFiccion;
Crimen;Drama;Thriller;Accion;Drama;Drama;Misterio;Horror;CienciaFiccion;Accion;
Crimen;Thriller;Accion;
Crimen;CienciaFiccion;Drama;Musical;Drama;Thriller;Horror;Accion;
Crimen;Horror;Drama;Crimen;Drama;Accion;Drama;Crimen;Thriller;Drama;CienciaFiccion;Misterio;Accion;
Epico;Epico;Drama;Accion;Historico;Accion;Drama;CienciaFiccion;Thriller;CienciaFiccion;Epico;Misterio;Crimen;Comedia;CienciaFiccion;CienciaFiccion;Horror;
Epico;Epico;
Epico;Thriller;Historico;CienciaFiccion;Musical;Drama;Drama;Drama;Musical;Horror;Accion;
Epico;CienciaFiccion;Historico;Musical;
Epico;CienciaFiccion;Drama;Epico;Accion;Drama;CienciaFiccion;Drama;Epico;Misterio;Comedia;Misterio;CienciaFiccion;CienciaFiccion;Horror;
Epico;Epico;CienciaFiccion;Musical;CienciaFiccion;Epico;
Epico;Horror;CienciaFiccion;Accion;Epico;Drama;Accion;Accion;Crimen;CienciaFiccion;Thriller;CienciaFiccion;Epico;Crimen;Misterio;CienciaFiccion;
Epico;Horror;CienciaFiccion;Drama;Accion;Epico;Historico;Accion;CienciaFiccion;Drama;Drama;CienciaFiccion;Epico;Drama;Drama;Horror;CienciaFiccion;Horror;
Epico;CienciaFiccion;Epico;Accion;CienciaFiccion;CienciaFiccion;Epico;
Epico;Epico;Epico;Comedia;
Epico;Drama;CienciaFiccion;CienciaFiccion;Epico;
Epico;Epico;Epico;Horror;
Epico;Horror;CienciaFiccion;Epico;Crimen;Accion;CienciaFiccion;Thriller;CienciaFiccion;Epico;CienciaFiccion;
Epico;CienciaFiccion;Epico;CienciaFiccion;Drama;CienciaFiccion;Epico;Drama;CienciaFiccion;
Epico;CienciaFiccion;Drama;Drama;Historico;Accion;Historico;Drama;
Epico;CienciaFiccion;Drama;Epico;Historico;Epico;CienciaFiccion;Accion;
Epico;Drama;Epico;Thriller;Drama;Epico;Misterio;
Epico;Horror;CienciaFiccion;Accion;Drama;Musical;Horror;Accion;
Epico;CienciaFiccion;Drama;Epico;Accion;Drama;CienciaFiccion;Drama;Epico;Drama;
Horror;
Horror;Epico;Crimen;Thriller;Historico;Crimen;Musical;Epico;Musical;Drama;Misterio;CienciaFiccion;
Horror;CienciaFiccion;Accion;Epico;Drama;Accion;Accion;Crimen;CienciaFiccion;Thriller;CienciaFiccion;Epico;Crimen;Misterio;CienciaFiccion;
Horror;
Horror;CienciaFiccion;Drama;Accion;Epico;Historico;Accion;CienciaFiccion;Drama;Drama;CienciaFiccion;Epico;Drama;Drama;Horror;CienciaFiccion;Horror;
Horror;Drama;Crimen;CienciaFiccion;Historico;Accion;Drama;CienciaFiccion;Thriller;CienciaFiccion;Misterio;Crimen;Drama;Horror;CienciaFiccion;CienciaFiccion;Horror;Accion;
Horror;Crimen;Thriller;Accion;Crimen;Drama;Comedia;Misterio;CienciaFiccion;
Horror;Drama;Drama;Thriller;Historico;Accion;Thriller;Drama;Drama;Horror;CienciaFiccion;Horror;
Horror;
Horror;CienciaFiccion;Epico;Crimen;Accion;CienciaFiccion;Thriller;CienciaFiccion;Epico;CienciaFiccion;
Horror;Drama;Historico;Horror;CienciaFiccion;CienciaFiccion;
Horror;CienciaFiccion;Accion;Drama;Musical;Horror;Accion;
Horror;Drama;Crimen;Drama;Accion;Drama;Crimen;Thriller;Drama;CienciaFiccion;Misterio;Accion;
CienciaFiccion;Crimen;Drama;Horror;
CienciaFiccion;Historico;Musical;
CienciaFiccion;Drama;Epico;Accion;Drama;CienciaFiccion;Drama;Epico;Misterio;Comedia;Misterio;CienciaFiccion;CienciaFiccion;Horror;
CienciaFiccion;CienciaFiccion;
CienciaFiccion;Accion;Epico;Drama;Accion;Accion;Crimen;CienciaFiccion;Thriller;CienciaFiccion;Epico;Crimen;Misterio;CienciaFiccion;
CienciaFiccion;CienciaFiccion;CienciaFiccion;CienciaFiccion;
CienciaFiccion;Drama;Accion;Epico;Historico;Accion;CienciaFiccion;Drama;Drama;CienciaFiccion;Epico;Drama;Drama;Horror;CienciaFiccion;Horror;
CienciaFiccion;Accion;CienciaFiccion;Drama;Horror;
CienciaFiccion;Drama;
CienciaFiccion;Epico;Accion;CienciaFiccion;CienciaFiccion;Epico;
CienciaFiccion;Epico;Crimen;Accion;CienciaFiccion;Thriller;CienciaFiccion;Epico;CienciaFiccion;
CienciaFiccion;Epico;CienciaFiccion;Drama;CienciaFiccion;Epico;Drama;CienciaFiccion;
CienciaFiccion;Drama;Drama;Historico;Accion;Historico;Drama;
CienciaFiccion;Accion;
CienciaFiccion;Drama;Epico;Historico;Epico;CienciaFiccion;Accion;
CienciaFiccion;Drama;Crimen;CienciaFiccion;Accion;Accion;Drama;CienciaFiccion;Thriller;Drama;CienciaFiccion;Crimen;CienciaFiccion;CienciaFiccion;Horror;
CienciaFiccion;CienciaFiccion;Historico;Drama;CienciaFiccion;
CienciaFiccion;Drama;Epico;Accion;Drama;CienciaFiccion;Drama;Epico;Drama;
Drama;Accion;
Drama;Accion;Drama;
Drama;
Drama;Epico;Historico;CienciaFiccion;Epico;Horror;CienciaFiccion;
Drama;CienciaFiccion;Drama;
Drama;Thriller;Accion;Drama;Drama;Misterio;Horror;CienciaFiccion;Accion;
Drama;Musical;CienciaFiccion;
Drama;CienciaFiccion;CienciaFiccion;Epico;
Drama;Drama;Drama;Thriller;Accion;Crimen;CienciaFiccion;Drama;CienciaFiccion;Horror;Comedia;CienciaFiccion;CienciaFiccion;Horror;
Drama;Drama;Thriller;Historico;Accion;Thriller;Drama;Drama;Horror;CienciaFiccion;Horror;
Drama;Epico;Historico;Epico;CienciaFiccion;Accion;
Drama;Drama;
Drama;Crimen;Drama;Accion;Drama;Crimen;Thriller;Drama;CienciaFiccion;Misterio;Accion;
Drama;Epico;Accion;Drama;CienciaFiccion;Drama;Epico;Misterio;Comedia;Misterio;CienciaFiccion;CienciaFiccion;Horror;
Drama;Accion;Epico;Historico;Accion;CienciaFiccion;Drama;Drama;CienciaFiccion;Epico;Drama;Drama;Horror;CienciaFiccion;Horror;
Drama;Crimen;CienciaFiccion;Historico;Accion;Drama;CienciaFiccion;Thriller;CienciaFiccion;Misterio;Crimen;Drama;Horror;CienciaFiccion;CienciaFiccion;Horror;Accion;
Drama;Drama;Thriller;Accion;Crimen;CienciaFiccion;Drama;CienciaFiccion;Horror;Comedia;CienciaFiccion;CienciaFiccion;Horror;
Drama;Drama;
Drama;Drama;Historico;Accion;Historico;Drama;
Drama;Historico;Horror;CienciaFiccion;CienciaFiccion;
Drama;Crimen;CienciaFiccion;Accion;Accion;Drama;CienciaFiccion;Thriller;Drama;CienciaFiccion;Crimen;CienciaFiccion;CienciaFiccion;Horror;
Drama;Epico;Thriller;Drama;Epico;Misterio;
Drama;Epico;Accion;Drama;CienciaFiccion;Drama;Epico;Drama;
Drama;Historico;Drama;
Accion;
Accion;Epico;Drama;Accion;Accion;Crimen;CienciaFiccion;Thriller;CienciaFiccion;Epico;Crimen;Misterio;CienciaFiccion;
Accion;Epico;Historico;Accion;CienciaFiccion;Drama;Drama;CienciaFiccion;Epico;Drama;Drama;Horror;CienciaFiccion;Horror;
Epico;Drama;Accion;Historico;Accion;Drama;CienciaFiccion;Thriller;CienciaFiccion;Epico;Misterio;Crimen;Comedia;CienciaFiccion;CienciaFiccion;Horror;
Epico;
Epico;Accion;Drama;CienciaFiccion;Drama;Epico;Misterio;Comedia;Misterio;CienciaFiccion;CienciaFiccion;Horror;
Epico;CienciaFiccion;Musical;CienciaFiccion;Epico;
Epico;Crimen;Thriller;Historico;Crimen;Musical;Epico;Musical;Drama;Misterio;CienciaFiccion;
Epico;Drama;Accion;Accion;Crimen;CienciaFiccion;Thriller;CienciaFiccion;Epico;Crimen;Misterio;CienciaFiccion;
Epico;Historico;Accion;CienciaFiccion;Drama;Drama;CienciaFiccion;Epico;Drama;Drama;Horror;CienciaFiccion;Horror;
Epico;Historico;CienciaFiccion;Epico;Horror;CienciaFiccion;
Epico;Accion;CienciaFiccion;CienciaFiccion;Epico;
Epico;Epico;Comedia;
Epico;Epico;Horror;
Epico;
Epico;Crimen;Accion;CienciaFiccion;Thriller;CienciaFiccion;Epico;CienciaFiccion;
Epico;CienciaFiccion;Drama;CienciaFiccion;Epico;Drama;CienciaFiccion;
Epico;Historico;Epico;CienciaFiccion;Accion;
Epico;Thriller;Drama;Epico;Misterio;
Epico;Accion;Drama;CienciaFiccion;Drama;Epico;Drama;
Epico;
Crimen;CienciaFiccion;
Crimen;
Crimen;CienciaFiccion;Accion;
Crimen;Thriller;Historico;Crimen;Musical;Epico;Musical;Drama;Misterio;CienciaFiccion;
Crimen;CienciaFiccion;Historico;Accion;Drama;CienciaFiccion;Thriller;CienciaFiccion;Misterio;Crimen;Drama;Horror;CienciaFiccion;CienciaFiccion;Horror;Accion;
Crimen;Thriller;Accion;Crimen;Drama;Comedia;Misterio;CienciaFiccion;
Crimen;Accion;CienciaFiccion;Thriller;CienciaFiccion;Epico;CienciaFiccion;
Crimen;CienciaFiccion;Accion;Accion;Drama;CienciaFiccion;Thriller;Drama;CienciaFiccion;Crimen;CienciaFiccion;CienciaFiccion;Horror;
Crimen;CienciaFiccion;Epico;
Crimen;Drama;Accion;Drama;Crimen;Thriller;Drama;CienciaFiccion;Misterio;Accion;
Drama;Accion;Historico;Accion;Drama;CienciaFiccion;Thriller;CienciaFiccion;Epico;Misterio;Crimen;Comedia;CienciaFiccion;CienciaFiccion;Horror;
Drama;Accion;Accion;Crimen;CienciaFiccion;Thriller;CienciaFiccion;Epico;Crimen;Misterio;CienciaFiccion;
Drama;Thriller;Accion;Crimen;CienciaFiccion;Drama;CienciaFiccion;Horror;Comedia;CienciaFiccion;CienciaFiccion;Horror;
Drama;Thriller;Historico;Accion;Thriller;Drama;Drama;Horror;CienciaFiccion;Horror;
Drama;Historico;Accion;Historico;Drama;
Drama;Accion;Drama;Crimen;Thriller;Drama;CienciaFiccion;Misterio;Accion;
CienciaFiccion;CienciaFiccion;CienciaFiccion;
CienciaFiccion;Historico;Accion;Drama;CienciaFiccion;Thriller;CienciaFiccion;Misterio;Crimen;Drama;Horror;CienciaFiccion;CienciaFiccion;Horror;Accion;
CienciaFiccion;CienciaFiccion;Epico;
CienciaFiccion;
CienciaFiccion;CienciaFiccion;
CienciaFiccion;Accion;Accion;Drama;CienciaFiccion;Thriller;Drama;CienciaFiccion;Crimen;CienciaFiccion;CienciaFiccion;Horror;
CienciaFiccion;Horror;
CienciaFiccion;Historico;Drama;CienciaFiccion;
CienciaFiccion;Accion;Drama;CienciaFiccion;Misterio;Drama;Horror;
CienciaFiccion;Drama;Musical;Drama;Thriller;Horror;Accion;
CienciaFiccion;Accion;Drama;Musical;Horror;Accion;
CienciaFiccion;Epico;
Thriller;Historico;CienciaFiccion;Musical;Drama;Drama;Drama;Musical;Horror;Accion;
Thriller;
Thriller;Historico;Crimen;Musical;Epico;Musical;Drama;Misterio;CienciaFiccion;
Thriller;Accion;Crimen;Drama;Comedia;Misterio;CienciaFiccion;
Thriller;Accion;Drama;Drama;Misterio;Horror;CienciaFiccion;Accion;
Thriller;Accion;Crimen;CienciaFiccion;Drama;CienciaFiccion;Horror;Comedia;CienciaFiccion;CienciaFiccion;Horror;
Thriller;Historico;Accion;Thriller;Drama;Drama;Horror;CienciaFiccion;Horror;
Thriller;Drama;Epico;Misterio;
Accion;Historico;Accion;Drama;CienciaFiccion;Thriller;CienciaFiccion;Epico;Misterio;Crimen;Comedia;CienciaFiccion;CienciaFiccion;Horror;
Accion;Drama;CienciaFiccion;Drama;Epico;Misterio;Comedia;Misterio;CienciaFiccion;CienciaFiccion;Horror;
Accion;
Accion;
Accion;
Accion;Thriller;
Accion;Accion;Crimen;CienciaFiccion;Thriller;CienciaFiccion;Epico;Crimen;Misterio;CienciaFiccion;
Accion;Crimen;Drama;Comedia;Misterio;CienciaFiccion;
Accion;Accion;Drama;
Accion;Crimen;CienciaFiccion;Drama;CienciaFiccion;Horror;Comedia;CienciaFiccion;CienciaFiccion;Horror;
Accion;CienciaFiccion;CienciaFiccion;Horror;
Accion;Drama;Drama;Horror;
Accion;Accion;Drama;CienciaFiccion;Thriller;Drama;CienciaFiccion;Crimen;CienciaFiccion;CienciaFiccion;Horror;
Accion;Drama;Musical;Horror;Accion;
Historico;Accion;Drama;CienciaFiccion;Thriller;CienciaFiccion;Epico;Misterio;Crimen;Comedia;CienciaFiccion;CienciaFiccion;Horror;
Historico;CienciaFiccion;Musical;Drama;Drama;Drama;Musical;Horror;Accion;
Historico;Musical;
Historico;Accion;CienciaFiccion;Drama;Drama;CienciaFiccion;Epico;Drama;Drama;Horror;CienciaFiccion;Horror;
Historico;Accion;Drama;CienciaFiccion;Thriller;CienciaFiccion;Misterio;Crimen;Drama;Horror;CienciaFiccion;CienciaFiccion;Horror;Accion;
Historico;Accion;Thriller;Drama;Drama;Horror;CienciaFiccion;Horror;
Historico;Epico;
Historico;Accion;Historico;Drama;
Historico;Horror;CienciaFiccion;CienciaFiccion;
Historico;Epico;CienciaFiccion;Accion;
Historico;Drama;CienciaFiccion;
Historico;Drama;
Accion;Drama;CienciaFiccion;Thriller;CienciaFiccion;Epico;Misterio;Crimen;Comedia;CienciaFiccion;CienciaFiccion;Horror;
Accion;Drama;
Accion;Crimen;CienciaFiccion;Thriller;CienciaFiccion;Epico;Crimen;Misterio;CienciaFiccion;
Accion;Crimen;Drama;CienciaFiccion;Horror;CienciaFiccion;
Accion;Accion;
Accion;CienciaFiccion;Drama;Drama;CienciaFiccion;Epico;Drama;Drama;Horror;CienciaFiccion;Horror;
Accion;Drama;CienciaFiccion;Thriller;CienciaFiccion;Misterio;Crimen;Drama;Horror;CienciaFiccion;CienciaFiccion;Horror;Accion;
Accion;CienciaFiccion;Drama;Horror;
Accion;Drama;Drama;Misterio;Horror;CienciaFiccion;Accion;
Accion;CienciaFiccion;CienciaFiccion;Epico;
Accion;Drama;
Accion;Drama;CienciaFiccion;
Accion;Thriller;Drama;Drama;Horror;CienciaFiccion;Horror;
Accion;CienciaFiccion;Horror;
Accion;CienciaFiccion;Thriller;CienciaFiccion;Epico;CienciaFiccion;
Accion;Historico;Drama;
Accion;Drama;CienciaFiccion;Thriller;Drama;CienciaFiccion;Crimen;CienciaFiccion;CienciaFiccion;Horror;
Accion;Drama;CienciaFiccion;Misterio;Drama;Horror;
Accion;CienciaFiccion;Accion;
Accion;CienciaFiccion;Accion;
Accion;Drama;CienciaFiccion;Drama;Epico;Drama;
Accion;Drama;Crimen;Thriller;Drama;CienciaFiccion;Misterio;Accion;
Drama;CienciaFiccion;Thriller;CienciaFiccion;Epico;Misterio;Crimen;Comedia;CienciaFiccion;CienciaFiccion;Horror;
Drama;CienciaFiccion;Drama;Epico;Misterio;Comedia;Misterio;CienciaFiccion;CienciaFiccion;Horror;
Drama;
Drama;CienciaFiccion;Thriller;CienciaFiccion;Misterio;Crimen;Drama;Horror;CienciaFiccion;CienciaFiccion;Horror;Accion;
Drama;
Drama;Drama;Misterio;Horror;CienciaFiccion;Accion;
Drama;
Drama;CienciaFiccion;Thriller;Drama;CienciaFiccion;Crimen;CienciaFiccion;CienciaFiccion;Horror;
Drama;Musical;Drama;Thriller;Horror;Accion;
Drama;Musical;Horror;Accion;
Drama;CienciaFiccion;Drama;Epico;Drama;
Drama;Crimen;Thriller;Drama;CienciaFiccion;Misterio;Accion;
Historico;Crimen;Musical;Epico;Musical;Drama;Misterio;CienciaFiccion;
Historico;CienciaFiccion;Epico;Horror;CienciaFiccion;
Historico;Drama;
Crimen;Drama;Horror;
Crimen;Musical;Epico;Musical;Drama;Misterio;CienciaFiccion;
Crimen;CienciaFiccion;Thriller;CienciaFiccion;Epico;Crimen;Misterio;CienciaFiccion;
Crimen;Drama;CienciaFiccion;Horror;CienciaFiccion;
Crimen;CienciaFiccion;Drama;CienciaFiccion;Horror;Comedia;CienciaFiccion;CienciaFiccion;Horror;
Crimen;Thriller;Drama;CienciaFiccion;Misterio;Accion;
CienciaFiccion;Thriller;CienciaFiccion;Epico;Misterio;Crimen;Comedia;CienciaFiccion;CienciaFiccion;Horror;
CienciaFiccion;Musical;Drama;Drama;Drama;Musical;Horror;Accion;
CienciaFiccion;Drama;Epico;Misterio;Comedia;Misterio;CienciaFiccion;CienciaFiccion;Horror;
CienciaFiccion;Accion;
CienciaFiccion;Musical;CienciaFiccion;Epico;
CienciaFiccion;
CienciaFiccion;Thriller;CienciaFiccion;Epico;Crimen;Misterio;CienciaFiccion;
CienciaFiccion;CienciaFiccion;
CienciaFiccion;Drama;Drama;CienciaFiccion;Epico;Drama;Drama;Horror;CienciaFiccion;Horror;
CienciaFiccion;Thriller;CienciaFiccion;Misterio;Crimen;Drama;Horror;CienciaFiccion;CienciaFiccion;Horror;Accion;
CienciaFiccion;Drama;Horror;
CienciaFiccion;Drama;
CienciaFiccion;CienciaFiccion;Epico;
CienciaFiccion;Drama;CienciaFiccion;Horror;Comedia;CienciaFiccion;CienciaFiccion;Horror;
CienciaFiccion;Thriller;CienciaFiccion;Epico;CienciaFiccion;
CienciaFiccion;
CienciaFiccion;Drama;CienciaFiccion;Epico;Drama;CienciaFiccion;
CienciaFiccion;Thriller;Drama;CienciaFiccion;Crimen;CienciaFiccion;CienciaFiccion;Horror;
CienciaFiccion;Accion;
CienciaFiccion;Accion;
CienciaFiccion;Drama;CienciaFiccion;
CienciaFiccion;Drama;Epico;Drama;
Musical;Drama;Drama;Drama;Musical;Horror;Accion;
Musical;CienciaFiccion;Epico;
Musical;Epico;Musical;Drama;Misterio;CienciaFiccion;
Musical;CienciaFiccion;
Musical;Drama;Thriller;Horror;Accion;
Musical;Horror;Accion;
Drama;Drama;Drama;Musical;Horror;Accion;
Drama;Epico;Misterio;Comedia;Misterio;CienciaFiccion;CienciaFiccion;Horror;
Drama;Musical;
Drama;Drama;CienciaFiccion;Epico;Drama;Drama;Horror;CienciaFiccion;Horror;
Drama;Drama;
Drama;
Drama;CienciaFiccion;
Drama;Misterio;
Drama;Drama;
Drama;Drama;Horror;
Drama;Drama;CienciaFiccion;Horror;
Drama;Epico;Misterio;
Drama;CienciaFiccion;
Drama;CienciaFiccion;Misterio;Drama;Horror;
Drama;Thriller;Horror;Accion;
Drama;Epico;Drama;
Drama;
Thriller;CienciaFiccion;Epico;Misterio;Crimen;Comedia;CienciaFiccion;CienciaFiccion;Horror;
Thriller;
Thriller;CienciaFiccion;Epico;Crimen;Misterio;CienciaFiccion;
Thriller;CienciaFiccion;Misterio;Crimen;Drama;Horror;CienciaFiccion;CienciaFiccion;Horror;Accion;
Thriller;Accion;
Thriller;Drama;Drama;Horror;CienciaFiccion;Horror;
Thriller;CienciaFiccion;Epico;CienciaFiccion;
Thriller;Drama;CienciaFiccion;Crimen;CienciaFiccion;CienciaFiccion;Horror;
Thriller;Horror;Accion;
Thriller;Drama;CienciaFiccion;Misterio;Accion;
Drama;Horror;
Drama;Drama;Musical;Horror;Accion;
Drama;CienciaFiccion;Horror;CienciaFiccion;
Drama;CienciaFiccion;Epico;Drama;Drama;Horror;CienciaFiccion;Horror;
Drama;Horror;
Drama;
Drama;Misterio;Horror;CienciaFiccion;Accion;
Drama;CienciaFiccion;Horror;Comedia;CienciaFiccion;CienciaFiccion;Horror;
Drama;Drama;Horror;CienciaFiccion;Horror;
Drama;Horror;
Drama;CienciaFiccion;Epico;Drama;CienciaFiccion;
Drama;CienciaFiccion;Crimen;CienciaFiccion;CienciaFiccion;Horror;
Drama;CienciaFiccion;Misterio;Accion;
CienciaFiccion;Epico;Misterio;Crimen;Comedia;CienciaFiccion;CienciaFiccion;Horror;
CienciaFiccion;
CienciaFiccion;Epico;
CienciaFiccion;Epico;Crimen;Misterio;CienciaFiccion;
CienciaFiccion;Horror;CienciaFiccion;
CienciaFiccion;Epico;Drama;Drama;Horror;CienciaFiccion;Horror;
CienciaFiccion;Epico;Horror;CienciaFiccion;
CienciaFiccion;Misterio;Crimen;Drama;Horror;CienciaFiccion;CienciaFiccion;Horror;Accion;
CienciaFiccion;Epico;
CienciaFiccion;
CienciaFiccion;Epico;
CienciaFiccion;Horror;Comedia;CienciaFiccion;CienciaFiccion;Horror;
CienciaFiccion;CienciaFiccion;Horror;
CienciaFiccion;Horror;
CienciaFiccion;Epico;CienciaFiccion;
CienciaFiccion;Epico;Drama;CienciaFiccion;
CienciaFiccion;Crimen;CienciaFiccion;CienciaFiccion;Horror;
CienciaFiccion;
CienciaFiccion;Misterio;Drama;Horror;
CienciaFiccion;Misterio;Accion;
Epico;Misterio;Crimen;Comedia;CienciaFiccion;CienciaFiccion;Horror;
Epico;Misterio;Comedia;Misterio;CienciaFiccion;CienciaFiccion;Horror;
Epico;
Epico;Musical;Drama;Misterio;CienciaFiccion;
Epico;Crimen;Misterio;CienciaFiccion;
Epico;Drama;Drama;Horror;CienciaFiccion;Horror;
Epico;Horror;CienciaFiccion;
Epico;
Epico;Comedia;
Epico;
Epico;Horror;
Epico;
Epico;CienciaFiccion;
Epico;Drama;CienciaFiccion;
Epico;CienciaFiccion;Accion;
Epico;Misterio;
Epico;
Epico;
Epico;Drama;
Misterio;Crimen;Comedia;CienciaFiccion;CienciaFiccion;Horror;
Misterio;Comedia;Misterio;CienciaFiccion;CienciaFiccion;Horror;
Misterio;Crimen;Drama;Horror;CienciaFiccion;CienciaFiccion;Horror;Accion;
Misterio;Horror;CienciaFiccion;Accion;
Misterio;
Misterio;Drama;Horror;
Misterio;Accion;
Drama;Musical;Horror;Accion;
Drama;Drama;Horror;CienciaFiccion;Horror;
Drama;
Drama;CienciaFiccion;Horror;
Drama;CienciaFiccion;
Drama;
Drama;
Drama;
Musical;Horror;Accion;
Musical;
Musical;Drama;Misterio;CienciaFiccion;
Musical;
Crimen;Comedia;CienciaFiccion;CienciaFiccion;Horror;
Crimen;Misterio;CienciaFiccion;
Crimen;Drama;Horror;CienciaFiccion;CienciaFiccion;Horror;Accion;
Crimen;Drama;Comedia;Misterio;CienciaFiccion;
Crimen;CienciaFiccion;CienciaFiccion;Horror;
Drama;Misterio;CienciaFiccion;
Drama;Horror;CienciaFiccion;Horror;
Drama;Horror;CienciaFiccion;CienciaFiccion;Horror;Accion;
Drama;Comedia;Misterio;CienciaFiccion;
Drama;
Drama;
Drama;Horror;CienciaFiccion;Horror;
Drama;
Drama;Horror;
Drama;CienciaFiccion;
Horror;CienciaFiccion;
Horror;CienciaFiccion;Horror;
Horror;CienciaFiccion;
Horror;CienciaFiccion;CienciaFiccion;Horror;Accion;
Horror;CienciaFiccion;Accion;
Horror;Comedia;CienciaFiccion;CienciaFiccion;Horror;
Horror;CienciaFiccion;Horror;
Horror;
Horror;
Horror;CienciaFiccion;CienciaFiccion;
Horror;
Horror;
Horror;Accion;
Comedia;CienciaFiccion;CienciaFiccion;Horror;
Comedia;Misterio;CienciaFiccion;CienciaFiccion;Horror;
Comedia;Misterio;CienciaFiccion;
Comedia;
Comedia;CienciaFiccion;CienciaFiccion;Horror;
Misterio;CienciaFiccion;CienciaFiccion;Horror;
Misterio;CienciaFiccion;
Misterio;CienciaFiccion;
Misterio;CienciaFiccion;
Misterio;
CienciaFiccion;CienciaFiccion;Horror;
CienciaFiccion;CienciaFiccion;Horror;
CienciaFiccion;
CienciaFiccion;
CienciaFiccion;
CienciaFiccion;CienciaFiccion;Horror;Accion;
CienciaFiccion;Accion;
CienciaFiccion;CienciaFiccion;Horror;
CienciaFiccion;
CienciaFiccion;Horror;
CienciaFiccion;CienciaFiccion;
CienciaFiccion;CienciaFiccion;Horror;
CienciaFiccion;
CienciaFiccion;Horror;
CienciaFiccion;Horror;
CienciaFiccion;
CienciaFiccion;
CienciaFiccion;Horror;
CienciaFiccion;Horror;Accion;
CienciaFiccion;
CienciaFiccion;
CienciaFiccion;Horror;
CienciaFiccion;Horror;
CienciaFiccion;Horror;
CienciaFiccion;
CienciaFiccion;
CienciaFiccion;
CienciaFiccion;Accion;
CienciaFiccion;Horror;
Horror;
Horror;
Horror;Accion;
Horror;
Horror;
Horror;
Horror;Accion;
Horror;
Horror;
Horror;
Horror;
Horror;
Horror;
Horror;
Horror;Accion;
